mech,log10_ne,f_rx_MHz,aperture,eta_th0_r10,Pslw1_dBm_r10,eta_th0_r100,Pslw1_dBm_r100,eta_th0_r1000,Pslw1_dBm_r1000,J_Am2,Isrc_A,Fspec,fp_GHz,Ash_dB,Nhiv_dBm,Nconv_dBm,SNR_tem_dB_r100,SNR_th_dB_r100,etakap_sw_r100
vxB,16,1.0,hub,473.05386874882373,-155.4922266496125,4730.538687488237,-175.4922266496125,47305.38687488237,-195.4922266496125,0.92474637634912,0.0009247463763491201,0.003524206385959363,0.8978662820487434,1.3977044679215826,-101.99401467763553,-75.5940278251747,-131.15234237767663,-168.57093930191076,4730.538687488237
vxB,16,1.0,recip,0.35052965913738166,-92.8885100882968,3.505296591373816,-112.8885100882968,35.05296591373816,-132.88851008829678,0.92474637634912,0.0009247463763491201,0.003524206385959363,0.8978662820487434,1.3977044679215826,-101.99401467763553,-75.5940278251747,-131.15234237767663,-168.57093930191076,3.505296591373816
vxB,16,30.0,hub,8045.364581892548,-180.11091422827351,80453.64581892546,-200.11091422827351,804536.4581892546,-220.11091422827351,0.92474637634912,0.0009247463763491201,1.2167254044603446e-05,0.8978662820487434,7.287399919143709,-101.99999964287517,-101.88851057856635,-130.69922074922516,-137.6094346435761,80453.64581892546
vxB,16,30.0,recip,178.84679256417795,-147.0496227613511,1788.4679256417794,-167.0496227613511,17884.679256417796,-187.0496227613511,0.92474637634912,0.0009247463763491201,1.2167254044603446e-05,0.8978662820487434,7.287399919143709,-101.99999964287517,-101.88851057856635,-130.69922074922516,-137.6094346435761,1788.4679256417794
vxB,16,433.92,hub,74550.87109522549,-199.44905444712833,745508.710952255,-219.44905444712833,7455087.109522549,-239.44905444712833,0.92474637634912,0.0009247463763491201,1.4170283987539347e-07,0.8978662820487434,7.1493387716417365,-101.99999999982843,-101.99994575090668,-149.05571278697258,-136.76584760997068,745508.710952255
vxB,16,433.92,recip,23970.470696654625,-189.59353124283166,239704.70696654625,-209.59353124283166,2397047.0696654622,-229.59353124283166,0.92474637634912,0.0009247463763491201,1.4170283987539347e-07,0.8978662820487434,7.1493387716417365,-101.99999999982843,-101.99994575090668,-149.05571278697258,-136.76584760997068,239704.70696654625
vxB,16,1296.0,hub,185544.81976280955,-207.36897667518875,1855448.1976280953,-227.36897667518875,18554481.97628095,-247.36897667518875,0.92474637634912,0.0009247463763491201,2.2876328865588155e-08,0.8978662820487434,0.05454828936447669,-101.9999999999925,-101.9999976267886,-136.50811798432636,-123.39312106154134,1855448.1976280953
vxB,16,1296.0,recip,178183.7141026845,-207.01736014456455,1781837.141026845,-227.01736014456455,17818371.41026845,-247.01736014456455,0.92474637634912,0.0009247463763491201,2.2876328865588155e-08,0.8978662820487434,0.05454828936447669,-101.9999999999925,-101.9999976267886,-136.50811798432636,-123.39312106154134,1781837.141026845
vxB,18,1.0,hub,4.730538687488237,-115.49222664961249,47.30538687488237,-135.4922266496125,473.0538687488237,-155.4922266496125,92.474637634912,0.09247463763491201,0.003524206385959363,8.978662820487434,13.97719951398434,-101.99401467763553,-75.5940278251747,-113.70647089649397,-178.54557277466535,47.30538687488237
vxB,18,1.0,recip,0.0035052965913738164,-52.888510088296805,0.03505296591373817,-72.8885100882968,0.3505296591373816,-92.8885100882968,92.474637634912,0.09247463763491201,0.003524206385959363,8.978662820487434,13.97719951398434,-101.99401467763553,-75.5940278251747,-113.70647089649397,-178.54557277466535,0.03505296591373817
vxB,18,30.0,hub,80.45364581892547,-140.11091422827351,804.5364581892547,-160.11091422827351,8045.364581892548,-180.11091422827351,92.474637634912,0.09247463763491201,1.2167254044603446e-05,8.978662820487434,72.92101438984515,-101.99999964287517,-101.88851057856635,-166.2602411150395,-147.53684053868898,804.5364581892547
vxB,18,30.0,recip,1.7884679256417795,-107.04962276135109,17.884679256417794,-127.04962276135109,178.84679256417795,-147.0496227613511,92.474637634912,0.09247463763491201,1.2167254044603446e-05,8.978662820487434,72.92101438984515,-101.99999964287517,-101.88851057856635,-166.2602411150395,-147.53684053868898,17.884679256417794
vxB,18,433.92,hub,745.5087109522549,-159.44905444712833,7455.087109522548,-179.44905444712833,74550.87109522549,-199.44905444712833,92.474637634912,0.09247463763491201,1.4170283987539347e-07,8.978662820487434,81.5767752564257,-101.99999999982843,-101.99994575090668,-193.9653710019128,-147.24806934012693,7455.087109522548
vxB,18,433.92,recip,239.70470696654624,-149.59353124283166,2397.0470696654625,-169.59353124283166,23970.470696654625,-189.59353124283166,92.474637634912,0.09247463763491201,1.4170283987539347e-07,8.978662820487434,81.5767752564257,-101.99999999982843,-101.99994575090668,-193.9653710019128,-147.24806934012693,2397.0470696654625
vxB,18,1296.0,hub,1855.4481976280954,-167.36897667518875,18554.481976280953,-187.36897667518875,185544.81976280955,-207.36897667518875,92.474637634912,0.09247463763491201,2.2876328865588155e-08,8.978662820487434,80.86326093474645,-101.9999999999925,-101.9999976267886,-201.13033830612008,-147.20662873795303,18554.481976280953
vxB,18,1296.0,recip,1781.837141026845,-167.01736014456455,17818.37141026845,-187.01736014456455,178183.7141026845,-207.01736014456455,92.474637634912,0.09247463763491201,2.2876328865588155e-08,8.978662820487434,80.86326093474645,-101.9999999999925,-101.9999976267886,-201.13033830612008,-147.20662873795303,17818.37141026845
vxB,20,1.0,hub,0.04730538687488239,-75.49222664961249,0.4730538687488238,-95.49222664961249,4.730538687488238,-115.49222664961249,9247.4637634912,9.2474637634912,0.003524206385959363,89.78662820487433,139.77201062339725,-101.99401467763553,-75.5940278251747,-209.49874103485666,-188.54303180361507,0.4730538687488238
vxB,20,1.0,recip,3.5052965913738176e-05,-12.888510088296803,0.0003505296591373817,-32.888510088296805,0.0035052965913738173,-52.888510088296805,9247.4637634912,9.2474637634912,0.003524206385959363,89.78662820487433,139.77201062339725,-101.99401467763553,-75.5940278251747,-209.49874103485666,-188.54303180361507,0.0003505296591373817
vxB,20,30.0,hub,0.8045364581892548,-100.11091422827351,8.045364581892548,-120.11091422827351,80.45364581892548,-140.11091422827351,9247.4637634912,9.2474637634912,1.2167254044603446e-05,89.78662820487433,729.2148443246197,-101.99999964287517,-101.88851057856635,-792.5465644175702,-157.52933390644506,8.045364581892548
vxB,20,30.0,recip,0.017884679256417797,-67.04962276135109,0.17884679256417796,-87.04962276135109,1.7884679256417797,-107.04962276135109,9247.4637634912,9.2474637634912,1.2167254044603446e-05,89.78662820487433,729.2148443246197,-101.99999964287517,-101.88851057856635,-792.5465644175702,-157.52933390644506,0.17884679256417796
vxB,20,433.92,hub,7.45508710952255,-119.44905444712833,74.55087109522549,-139.44905444712833,745.5087109522549,-159.44905444712833,9247.4637634912,9.2474637634912,1.4170283987539347e-07,89.78662820487433,816.7133493048857,-101.99999999982843,-101.99994575090668,-899.099125964942,-157.24525025469623,74.55087109522549
vxB,20,433.92,recip,2.3970470696654624,-109.59353124283166,23.970470696654623,-129.59353124283166,239.70470696654624,-149.59353124283166,9247.4637634912,9.2474637634912,1.4170283987539347e-07,89.78662820487433,816.7133493048857,-101.99999999982843,-101.99994575090668,-899.099125964942,-157.24525025469623,23.970470696654623
vxB,20,1296.0,hub,18.554481976280954,-127.36897667518873,185.54481976280954,-147.36897667518872,1855.4481976280954,-167.36897667518875,9247.4637634912,9.2474637634912,2.2876328865588155e-08,89.78662820487433,817.1060539216344,-101.9999999999925,-101.9999976267886,-907.4104693375236,-157.24396678246868,185.54481976280954
vxB,20,1296.0,recip,17.81837141026845,-127.01736014456455,178.1837141026845,-147.01736014456455,1781.837141026845,-167.01736014456455,9247.4637634912,9.2474637634912,2.2876328865588155e-08,89.78662820487433,817.1060539216344,-101.9999999999925,-101.9999976267886,-907.4104693375236,-157.24396678246868,178.1837141026845
diff,16,1.0,hub,3.3982677288320113,-112.61916650363476,33.98267728832011,-132.61916650363477,339.8267728832011,-152.61916650363477,128.72877767454796,0.12872877767454796,0.003524206385959363,0.8978662820487434,1.3977044679215826,-101.99401467763553,-75.5940278251747,-88.2792822316989,-168.57093930191076,33.98267728832011
diff,16,1.0,recip,0.0025180929854682873,-50.015449942319066,0.025180929854682874,-70.01544994231907,0.25180929854682876,-90.01544994231907,128.72877767454796,0.12872877767454796,0.003524206385959363,0.8978662820487434,1.3977044679215826,-101.99401467763553,-75.5940278251747,-88.2792822316989,-168.57093930191076,0.025180929854682874
diff,16,30.0,hub,57.795326561107366,-137.2378540822958,577.9532656110737,-157.2378540822958,5779.532656110737,-177.23785408229583,128.72877767454796,0.12872877767454796,1.2167254044603446e-05,0.8978662820487434,7.287399919143709,-101.99999964287517,-101.88851057856635,-87.82616060324744,-137.6094346435761,577.9532656110737
diff,16,30.0,recip,1.2847781695210374,-104.17656261537337,12.847781695210372,-124.17656261537337,128.47781695210372,-144.17656261537337,128.72877767454796,0.12872877767454796,1.2167254044603446e-05,0.8978662820487434,7.287399919143709,-101.99999964287517,-101.88851057856635,-87.82616060324744,-137.6094346435761,12.847781695210372
diff,16,433.92,hub,535.5496194741773,-156.5759943011506,5355.496194741773,-176.5759943011506,53554.96194741773,-196.5759943011506,128.72877767454796,0.12872877767454796,1.4170283987539347e-07,0.8978662820487434,7.1493387716417365,-101.99999999982843,-101.99994575090668,-106.18265264099483,-136.76584760997068,5355.496194741773
diff,16,433.92,recip,172.19619665896101,-146.7204710968539,1721.9619665896103,-166.72047109685394,17219.6196658961,-186.72047109685394,128.72877767454796,0.12872877767454796,1.4170283987539347e-07,0.8978662820487434,7.1493387716417365,-101.99999999982843,-101.99994575090668,-106.18265264099483,-136.76584760997068,1721.9619665896103
diff,16,1296.0,hub,1332.8946551469792,-164.495916529211,13328.946551469791,-184.495916529211,133289.4655146979,-204.495916529211,128.72877767454796,0.12872877767454796,2.2876328865588155e-08,0.8978662820487434,0.05454828936447669,-101.9999999999925,-101.9999976267886,-93.63505783834862,-123.39312106154134,13328.946551469791
diff,16,1296.0,recip,1280.0148258804147,-164.1442999985868,12800.148258804145,-184.1442999985868,128001.48258804146,-204.1442999985868,128.72877767454796,0.12872877767454796,2.2876328865588155e-08,0.8978662820487434,0.05454828936447669,-101.9999999999925,-101.9999976267886,-93.63505783834862,-123.39312106154134,12800.148258804145
diff,18,1.0,hub,0.03398267728832012,-72.61916650363476,0.3398267728832012,-92.61916650363476,3.3982677288320122,-112.61916650363476,12872.877767454795,12.872877767454796,0.003524206385959363,8.978662820487434,13.97719951398434,-101.99401467763553,-75.5940278251747,-70.83341075051622,-178.54557277466535,0.3398267728832012
diff,18,1.0,recip,2.518092985468288e-05,-10.01544994231907,0.0002518092985468288,-30.01544994231907,0.002518092985468288,-50.01544994231907,12872.877767454795,12.872877767454796,0.003524206385959363,8.978662820487434,13.97719951398434,-101.99401467763553,-75.5940278251747,-70.83341075051622,-178.54557277466535,0.0002518092985468288
diff,18,30.0,hub,0.5779532656110737,-97.2378540822958,5.779532656110737,-117.2378540822958,57.79532656110737,-137.2378540822958,12872.877767454795,12.872877767454796,1.2167254044603446e-05,8.978662820487434,72.92101438984515,-101.99999964287517,-101.88851057856635,-123.38718096906177,-147.53684053868898,5.779532656110737
diff,18,30.0,recip,0.012847781695210376,-64.17656261537336,0.12847781695210375,-84.17656261537337,1.2847781695210376,-104.17656261537337,12872.877767454795,12.872877767454796,1.2167254044603446e-05,8.978662820487434,72.92101438984515,-101.99999964287517,-101.88851057856635,-123.38718096906177,-147.53684053868898,0.12847781695210375
diff,18,433.92,hub,5.355496194741773,-116.57599430115059,53.55496194741773,-136.5759943011506,535.5496194741773,-156.5759943011506,12872.877767454795,12.872877767454796,1.4170283987539347e-07,8.978662820487434,81.5767752564257,-101.99999999982843,-101.99994575090668,-151.09231085593504,-147.24806934012693,53.55496194741773
diff,18,433.92,recip,1.7219619665896104,-106.72047109685393,17.2196196658961,-126.72047109685393,172.19619665896101,-146.7204710968539,12872.877767454795,12.872877767454796,1.4170283987539347e-07,8.978662820487434,81.5767752564257,-101.99999999982843,-101.99994575090668,-151.09231085593504,-147.24806934012693,17.2196196658961
diff,18,1296.0,hub,13.32894655146979,-124.495916529211,133.28946551469787,-144.495916529211,1332.894655146979,-164.495916529211,12872.877767454795,12.872877767454796,2.2876328865588155e-08,8.978662820487434,80.86326093474645,-101.9999999999925,-101.9999976267886,-158.2572781601423,-147.20662873795303,133.28946551469787
diff,18,1296.0,recip,12.800148258804146,-124.14429999858682,128.00148258804143,-144.1442999985868,1280.0148258804145,-164.1442999985868,12872.877767454795,12.872877767454796,2.2876328865588155e-08,8.978662820487434,80.86326093474645,-101.9999999999925,-101.9999976267886,-158.2572781601423,-147.20662873795303,128.00148258804143
diff,20,1.0,hub,0.00033982677288320123,-32.61916650363476,0.003398267728832012,-52.61916650363476,0.03398267728832012,-72.61916650363476,1287287.7767454793,1287.2877767454793,0.003524206385959363,89.78662820487433,139.77201062339725,-101.99401467763553,-75.5940278251747,-166.6256808888789,-188.54303180361507,0.003398267728832012
diff,20,1.0,recip,2.518092985468288e-07,29.98455005768093,2.518092985468288e-06,9.98455005768093,2.518092985468288e-05,-10.01544994231907,1287287.7767454793,1287.2877767454793,0.003524206385959363,89.78662820487433,139.77201062339725,-101.99401467763553,-75.5940278251747,-166.6256808888789,-188.54303180361507,2.518092985468288e-06
diff,20,30.0,hub,0.005779532656110738,-57.237854082295804,0.057795326561107384,-77.2378540822958,0.5779532656110739,-97.2378540822958,1287287.7767454793,1287.2877767454793,1.2167254044603446e-05,89.78662820487433,729.2148443246197,-101.99999964287517,-101.88851057856635,-749.6735042715923,-157.52933390644506,0.057795326561107384
diff,20,30.0,recip,0.00012847781695210378,-24.176562615373363,0.001284778169521038,-44.17656261537337,0.01284778169521038,-64.17656261537337,1287287.7767454793,1287.2877767454793,1.2167254044603446e-05,89.78662820487433,729.2148443246197,-101.99999964287517,-101.88851057856635,-749.6735042715923,-157.52933390644506,0.001284778169521038
diff,20,433.92,hub,0.05355496194741775,-76.5759943011506,0.5355496194741775,-96.57599430115059,5.355496194741774,-116.57599430115059,1287287.7767454793,1287.2877767454793,1.4170283987539347e-07,89.78662820487433,816.7133493048857,-101.99999999982843,-101.99994575090668,-856.2260658189643,-157.24525025469623,0.5355496194741775
diff,20,433.92,recip,0.017219619665896108,-66.72047109685393,0.17219619665896105,-86.72047109685393,1.7219619665896106,-106.72047109685393,1287287.7767454793,1287.2877767454793,1.4170283987539347e-07,89.78662820487433,816.7133493048857,-101.99999999982843,-101.99994575090668,-856.2260658189643,-157.24525025469623,0.17219619665896105
diff,20,1296.0,hub,0.13328946551469792,-84.495916529211,1.3328946551469791,-104.495916529211,13.328946551469793,-124.495916529211,1287287.7767454793,1287.2877767454793,2.2876328865588155e-08,89.78662820487433,817.1060539216344,-101.9999999999925,-101.9999976267886,-864.5374091915459,-157.24396678246868,1.3328946551469791
diff,20,1296.0,recip,0.1280014825880415,-84.14429999858682,1.2800148258804147,-104.14429999858682,12.800148258804148,-124.14429999858682,1287287.7767454793,1287.2877767454793,2.2876328865588155e-08,89.78662820487433,817.1060539216344,-101.9999999999925,-101.9999976267886,-864.5374091915459,-157.24396678246868,1.2800148258804147
